,email_address,customer_id,cardholder_status,rewards_tier,last_active
0,test+000@movableink.com,781823091,N,Diamond,2023-05-28 22:18:29
1,test+001@movableink.com,844999598,Y,Diamond,2023-06-19 18:40:49
2,test+002@movableink.com,360299041,N,Diamond,2023-04-08 21:13:11
3,test+003@movableink.com,942668674,N,None,2023-01-07 22:29:44
4,test+004@movableink.com,109238981,N,Diamond,2023-03-16 08:43:15
5,test+005@movableink.com,902045460,N,None,2023-06-30 04:58:31
6,test+006@movableink.com,324485420,N,Silver,2023-01-03 08:00:40
7,test+007@movableink.com,389077527,N,Gold,2023-05-05 04:17:40
8,test+008@movableink.com,609993429,N,Diamond,2023-06-10 13:42:51
9,test+009@movableink.com,651008353,N,Platinum,2023-03-23 23:23:51
10,test+010@movableink.com,789340477,N,Platinum,2023-06-15 08:21:56
11,test+011@movableink.com,794669748,Y,Silver,2023-03-17 11:48:43
12,test+012@movableink.com,686438831,Y,Gold,2023-02-12 08:50:08
13,test+013@movableink.com,653011210,Y,Diamond,2023-05-06 05:33:53
14,test+014@movableink.com,344406852,Y,Gold,2023-03-21 14:59:30
15,test+015@movableink.com,470450131,N,Diamond,2023-04-04 17:44:10
16,test+016@movableink.com,535608366,Y,Silver,2023-05-31 15:53:31
17,test+017@movableink.com,249698057,N,None,2023-03-30 07:34:04
18,test+018@movableink.com,519590585,Y,Silver,2023-03-14 18:34:17
19,test+019@movableink.com,642417074,Y,Platinum,2023-01-09 04:32:33
20,test+020@movableink.com,121997994,Y,Silver,2023-02-23 07:49:21
21,test+021@movableink.com,218576954,Y,Diamond,2023-03-16 18:14:30
22,test+022@movableink.com,759890162,N,None,2023-01-11 11:46:52
23,test+023@movableink.com,252941075,N,Diamond,2023-03-13 15:30:20
24,test+024@movableink.com,976652457,Y,Platinum,2023-04-01 19:08:11
25,test+025@movableink.com,757220713,N,Silver,2023-04-14 10:35:19
26,test+026@movableink.com,339273986,N,Diamond,2023-04-06 23:35:38
27,test+027@movableink.com,300872759,N,Platinum,2023-06-07 20:43:07
28,test+028@movableink.com,902446219,N,None,2023-03-31 05:01:35
29,test+029@movableink.com,111329484,Y,None,2023-05-23 03:23:48
30,test+030@movableink.com,139390316,N,None,2023-01-18 12:38:51
31,test+031@movableink.com,949567717,N,Platinum,2023-01-14 21:37:33
32,test+032@movableink.com,347424675,N,Silver,2023-06-20 07:25:30
33,test+033@movableink.com,943396621,Y,None,2023-02-24 10:57:22
34,test+034@movableink.com,581749138,N,None,2023-01-18 08:24:48
35,test+035@movableink.com,905607408,N,None,2023-05-22 17:34:37
36,test+036@movableink.com,840155719,Y,Platinum,2023-04-11 00:44:42
37,test+037@movableink.com,840859494,N,Gold,2023-06-18 02:03:03
38,test+038@movableink.com,545097997,Y,Gold,2023-02-04 23:32:12
39,test+039@movableink.com,395891142,Y,Diamond,2023-05-18 06:52:26
40,test+040@movableink.com,950093754,Y,Gold,2023-02-13 10:15:22
41,test+041@movableink.com,139814536,N,None,2023-01-03 16:54:09
42,test+042@movableink.com,568167424,Y,None,2023-07-01 14:28:57
43,test+043@movableink.com,242240729,Y,Silver,2023-03-21 01:57:35
44,test+044@movableink.com,263767445,Y,Gold,2023-03-05 08:26:27
45,test+045@movableink.com,547104969,N,Platinum,2023-01-30 23:41:21
46,test+046@movableink.com,696485536,N,Silver,2023-03-28 02:23:40
47,test+047@movableink.com,231666629,N,Platinum,2023-05-21 15:56:02
48,test+048@movableink.com,421402361,Y,Silver,2023-06-11 10:45:41
49,test+049@movableink.com,181349636,Y,None,2023-05-05 20:14:51
50,test+050@movableink.com,410683319,Y,Gold,2023-07-06 13:32:46
51,test+051@movableink.com,247619548,Y,None,2023-06-01 06:21:47
52,test+052@movableink.com,310350794,Y,Gold,2023-07-03 16:07:46
53,test+053@movableink.com,579640907,N,Silver,2023-05-11 10:39:14
54,test+054@movableink.com,673810945,N,Diamond,2023-06-18 16:15:17
55,test+055@movableink.com,201596131,N,Silver,2023-03-02 04:29:49
56,test+056@movableink.com,105024034,N,Platinum,2023-01-12 23:06:12
57,test+057@movableink.com,619261941,Y,Silver,2023-03-26 02:53:29
58,test+058@movableink.com,870135031,Y,Silver,2023-05-17 07:08:28
59,test+059@movableink.com,609344891,Y,Gold,2023-06-01 10:51:11
60,test+060@movableink.com,736560278,Y,None,2023-03-02 19:23:37
61,test+061@movableink.com,664466803,Y,Silver,2023-02-24 19:46:36
62,test+062@movableink.com,138650221,N,Gold,2023-02-17 07:15:09
63,test+063@movableink.com,339949863,Y,Platinum,2023-07-09 02:10:07
64,test+064@movableink.com,912041938,N,Silver,2023-06-08 14:07:52
65,test+065@movableink.com,198036815,Y,Gold,2023-01-17 15:03:14
66,test+066@movableink.com,561006384,Y,Gold,2023-03-26 15:08:32
67,test+067@movableink.com,445021914,N,Platinum,2023-06-09 05:07:10
68,test+068@movableink.com,436822657,N,Gold,2023-03-28 00:12:00
69,test+069@movableink.com,947345421,Y,None,2023-06-27 06:21:01
70,test+070@movableink.com,138891838,Y,Gold,2023-04-20 14:40:45
71,test+071@movableink.com,216234358,Y,Silver,2023-03-01 19:22:31
72,test+072@movableink.com,209950447,N,Platinum,2023-02-25 16:02:28
73,test+073@movableink.com,850109989,Y,Gold,2023-01-02 03:15:56
74,test+074@movableink.com,227513697,N,None,2023-01-07 05:17:27
75,test+075@movableink.com,674629455,Y,Diamond,2023-02-17 09:27:00
76,test+076@movableink.com,305291539,N,Gold,2023-02-20 19:56:34
77,test+077@movableink.com,640684779,N,Diamond,2023-03-08 14:54:40
78,test+078@movableink.com,320222755,N,Silver,2023-04-13 23:11:29
79,test+079@movableink.com,970611137,Y,None,2023-03-24 05:59:18
80,test+080@movableink.com,893220886,Y,Diamond,2023-05-14 04:29:52
81,test+081@movableink.com,769228289,N,Diamond,2023-03-01 21:54:54
82,test+082@movableink.com,600360463,Y,None,2023-01-09 05:46:25
83,test+083@movableink.com,722503128,N,Gold,2023-01-30 09:01:25
84,test+084@movableink.com,495415055,N,Platinum,2023-07-02 05:08:12
85,test+085@movableink.com,890568031,Y,Platinum,2023-02-02 14:28:43
86,test+086@movableink.com,728169153,Y,Gold,2023-06-19 11:01:33
87,test+087@movableink.com,774135291,N,None,2023-03-23 08:18:14
88,test+088@movableink.com,126893784,N,Silver,2023-06-15 07:12:46
89,test+089@movableink.com,541032721,Y,Gold,2023-04-09 05:14:02
90,test+090@movableink.com,499572720,N,Diamond,2023-03-09 18:55:50
91,test+091@movableink.com,572618825,Y,None,2023-01-06 15:55:40
92,test+092@movableink.com,572564215,N,Silver,2023-05-16 17:10:18
93,test+093@movableink.com,619884141,N,None,2023-03-27 19:31:49
94,test+094@movableink.com,640298631,N,Diamond,2023-06-16 19:19:47
95,test+095@movableink.com,604588160,N,Platinum,2023-06-01 07:08:10
96,test+096@movableink.com,819192467,Y,Platinum,2023-03-07 10:02:32
97,test+097@movableink.com,413078374,Y,Diamond,2023-02-28 22:52:48
98,test+098@movableink.com,348386835,Y,Silver,2023-03-17 05:17:18
99,test+099@movableink.com,327099797,Y,Gold,2023-02-27 15:45:10
100,test+100@movableink.com,248458462,Y,Silver,2023-01-17 10:52:50
101,test+101@movableink.com,319348541,N,Gold,2023-07-10 04:02:36
102,test+102@movableink.com,128182333,Y,Gold,2023-05-30 00:34:55
103,test+103@movableink.com,104723180,Y,Gold,2023-01-24 00:24:19
104,test+104@movableink.com,429154885,N,Silver,2023-06-17 13:36:57
105,test+105@movableink.com,678975848,N,Silver,2023-05-29 07:14:54
106,test+106@movableink.com,952253133,Y,None,2023-07-08 05:52:56
107,test+107@movableink.com,666884407,N,Gold,2023-04-29 10:22:58
108,test+108@movableink.com,158912809,Y,Platinum,2023-03-25 00:21:58
109,test+109@movableink.com,528468270,N,Diamond,2023-04-14 20:50:47
110,test+110@movableink.com,362545962,Y,Platinum,2023-02-04 21:23:56
111,test+111@movableink.com,837759401,N,Platinum,2023-01-17 22:32:40
112,test+112@movableink.com,993024812,Y,None,2023-03-12 07:44:57
113,test+113@movableink.com,294058337,N,Diamond,2023-01-24 05:12:41
114,test+114@movableink.com,323435175,Y,Diamond,2023-06-23 01:27:46
115,test+115@movableink.com,201798490,Y,None,2023-02-03 23:57:48
116,test+116@movableink.com,275286544,Y,Platinum,2023-01-03 09:15:41
117,test+117@movableink.com,471021472,Y,None,2023-05-11 16:17:50
118,test+118@movableink.com,113734487,Y,Silver,2023-04-30 13:40:39
119,test+119@movableink.com,557084767,Y,Diamond,2023-05-14 07:20:27
120,test+120@movableink.com,418746081,N,Silver,2023-01-10 00:04:10
121,test+121@movableink.com,199947989,N,Gold,2023-06-01 06:18:41
122,test+122@movableink.com,888072522,Y,None,2023-05-19 03:41:26
123,test+123@movableink.com,338442106,Y,None,2023-03-17 22:49:49
124,test+124@movableink.com,740154102,Y,None,2023-05-07 22:13:02
125,test+125@movableink.com,818784942,N,Platinum,2023-01-20 21:23:19
126,test+126@movableink.com,485988418,Y,Diamond,2023-03-03 16:41:33
127,test+127@movableink.com,410204574,N,None,2023-06-02 23:42:52
128,test+128@movableink.com,494937332,Y,Diamond,2023-04-03 01:02:39
129,test+129@movableink.com,979943750,Y,Platinum,2023-03-28 03:13:41
130,test+130@movableink.com,950604748,N,Platinum,2023-02-18 07:11:42
131,test+131@movableink.com,782820555,N,Platinum,2023-02-03 09:15:44
132,test+132@movableink.com,189649850,N,Silver,2023-06-27 02:27:17
133,test+133@movableink.com,419607936,Y,Gold,2023-01-18 12:58:16
134,test+134@movableink.com,481301116,N,Silver,2023-04-05 00:27:58
135,test+135@movableink.com,894627870,Y,None,2023-04-08 14:58:03
136,test+136@movableink.com,979941803,N,Gold,2023-05-20 11:23:09
137,test+137@movableink.com,837417720,N,Platinum,2023-06-07 12:02:57
138,test+138@movableink.com,751353340,Y,Silver,2023-01-06 19:07:01
139,test+139@movableink.com,895465957,N,Diamond,2023-05-24 03:52:48
140,test+140@movableink.com,929449102,Y,Diamond,2023-03-24 21:16:06
141,test+141@movableink.com,463200583,N,Gold,2023-02-01 21:47:29
142,test+142@movableink.com,353546716,Y,Gold,2023-02-26 14:47:49
143,test+143@movableink.com,512518612,N,Silver,2023-06-09 08:34:19
144,test+144@movableink.com,591269911,N,None,2023-02-14 20:00:30
145,test+145@movableink.com,401281890,N,None,2023-03-20 16:26:57
146,test+146@movableink.com,484223885,Y,Diamond,2023-06-24 18:45:30
147,test+147@movableink.com,257937680,Y,Diamond,2023-06-17 13:03:32
148,test+148@movableink.com,604839871,Y,Platinum,2023-03-21 07:36:41
149,test+149@movableink.com,509430958,N,Platinum,2023-04-14 06:09:36
150,test+150@movableink.com,699930331,N,None,2023-04-09 14:12:39
151,test+151@movableink.com,570846411,Y,None,2023-05-15 14:31:26
152,test+152@movableink.com,896717951,N,Diamond,2023-02-05 08:34:42
153,test+153@movableink.com,282890150,Y,None,2023-03-04 20:43:38
154,test+154@movableink.com,930507903,Y,Silver,2023-03-13 15:12:09
155,test+155@movableink.com,712160572,N,Diamond,2023-04-09 05:19:06
156,test+156@movableink.com,284632026,Y,Silver,2023-03-12 13:01:22
157,test+157@movableink.com,433908914,Y,Platinum,2023-05-04 15:58:43
158,test+158@movableink.com,473077942,Y,Silver,2023-03-05 08:58:53
159,test+159@movableink.com,454720772,Y,Platinum,2023-02-13 12:28:21
160,test+160@movableink.com,921723408,Y,Diamond,2023-04-18 11:56:13
161,test+161@movableink.com,392056059,N,Platinum,2023-01-28 01:45:45
162,test+162@movableink.com,548966361,N,Gold,2023-05-23 14:24:34
163,test+163@movableink.com,950692540,N,None,2023-05-09 21:05:49
164,test+164@movableink.com,259577628,Y,Silver,2023-06-23 18:55:39
165,test+165@movableink.com,104922769,N,Silver,2023-06-08 04:24:56
166,test+166@movableink.com,651303627,N,Platinum,2023-04-09 10:14:59
167,test+167@movableink.com,651906228,Y,Silver,2023-05-18 11:23:13
168,test+168@movableink.com,502359831,N,None,2023-05-13 23:04:38
169,test+169@movableink.com,199090999,N,Platinum,2023-01-06 10:17:06
170,test+170@movableink.com,523250742,Y,Platinum,2023-03-05 09:48:58
171,test+171@movableink.com,615089765,Y,Diamond,2023-03-04 13:02:45
172,test+172@movableink.com,917673850,N,None,2023-02-27 02:04:40
173,test+173@movableink.com,829506016,Y,Platinum,2023-04-29 04:58:36
174,test+174@movableink.com,881967510,N,Diamond,2023-04-23 03:23:23
175,test+175@movableink.com,588686835,N,Gold,2023-06-05 00:17:46
176,test+176@movableink.com,574143749,Y,Diamond,2023-01-25 19:38:11
177,test+177@movableink.com,513413681,Y,Silver,2023-06-08 00:00:25
178,test+178@movableink.com,621037057,N,Platinum,2023-02-06 06:36:47
179,test+179@movableink.com,893244008,N,Platinum,2023-05-16 02:45:02
180,test+180@movableink.com,667773867,Y,Silver,2023-05-13 20:59:10
181,test+181@movableink.com,748165699,Y,Platinum,2023-04-25 23:06:00
182,test+182@movableink.com,463810891,N,Diamond,2023-01-15 11:07:15
183,test+183@movableink.com,707473888,Y,None,2023-04-24 07:01:41
184,test+184@movableink.com,837738486,N,Diamond,2023-05-26 21:07:36
185,test+185@movableink.com,419187227,Y,Silver,2023-06-01 06:40:25
186,test+186@movableink.com,796607667,N,Platinum,2023-05-08 03:17:38
187,test+187@movableink.com,786739827,N,None,2023-04-20 21:46:31
188,test+188@movableink.com,976270405,Y,Diamond,2023-06-26 02:54:52
189,test+189@movableink.com,835378105,N,Platinum,2023-06-20 14:53:42
190,test+190@movableink.com,156969127,Y,Silver,2023-02-04 03:10:03
191,test+191@movableink.com,847229109,N,Silver,2023-06-29 22:07:03
192,test+192@movableink.com,778221997,N,Platinum,2023-02-24 02:50:56
193,test+193@movableink.com,637398894,N,Diamond,2023-03-08 05:44:51
194,test+194@movableink.com,108473565,N,None,2023-02-04 01:29:44
195,test+195@movableink.com,934758322,Y,Silver,2023-02-21 15:52:55
196,test+196@movableink.com,544281203,N,Gold,2023-05-26 19:24:24
197,test+197@movableink.com,420726650,N,Diamond,2023-03-25 15:41:19
198,test+198@movableink.com,528352139,Y,Silver,2023-03-30 05:48:35
199,test+199@movableink.com,792404918,Y,Diamond,2023-01-21 11:43:34
200,test+200@movableink.com,779239575,Y,Silver,2023-03-22 10:17:10
201,test+201@movableink.com,400497951,N,Silver,2023-05-24 08:31:38
202,test+202@movableink.com,934939911,N,Silver,2023-06-02 16:48:18
203,test+203@movableink.com,235297303,Y,Gold,2023-06-01 13:55:47
204,test+204@movableink.com,514868584,Y,Diamond,2023-01-26 18:24:11
205,test+205@movableink.com,121603432,Y,Gold,2023-06-19 22:29:35
206,test+206@movableink.com,558297342,Y,Diamond,2023-02-11 23:56:54
207,test+207@movableink.com,576162344,Y,Diamond,2023-03-14 20:24:23
208,test+208@movableink.com,921258728,N,Gold,2023-05-05 09:40:11
209,test+209@movableink.com,820257631,N,Silver,2023-05-21 01:35:07
210,test+210@movableink.com,775477028,Y,Platinum,2023-01-11 02:42:18
211,test+211@movableink.com,673832176,Y,Diamond,2023-01-06 12:33:30
212,test+212@movableink.com,388488563,N,Platinum,2023-04-01 06:59:52
213,test+213@movableink.com,640972540,Y,Diamond,2023-01-14 16:22:59
214,test+214@movableink.com,570886298,N,Gold,2023-01-26 23:50:40
215,test+215@movableink.com,747228036,N,Silver,2023-04-12 06:45:17
216,test+216@movableink.com,810923018,N,Silver,2023-05-28 19:40:28
217,test+217@movableink.com,800342183,N,Diamond,2023-03-31 10:38:00
218,test+218@movableink.com,171893215,Y,Gold,2023-04-12 15:38:21
219,test+219@movableink.com,688906104,Y,Silver,2023-06-12 09:10:40
220,test+220@movableink.com,964188960,Y,Gold,2023-06-17 18:51:45
221,test+221@movableink.com,556454408,N,None,2023-07-02 14:58:48
222,test+222@movableink.com,141595453,N,Gold,2023-01-04 14:23:24
223,test+223@movableink.com,898492827,Y,Diamond,2023-07-08 17:22:33
224,test+224@movableink.com,354921630,N,Gold,2023-01-20 19:02:46
225,test+225@movableink.com,895758256,Y,Gold,2023-03-01 21:51:20
226,test+226@movableink.com,637224251,Y,Gold,2023-06-23 08:22:28
227,test+227@movableink.com,238153670,N,None,2023-07-07 01:08:12
228,test+228@movableink.com,724264780,Y,Diamond,2023-04-22 20:06:34
229,test+229@movableink.com,684538843,Y,Silver,2023-06-10 04:36:59
230,test+230@movableink.com,797031695,Y,None,2023-05-09 06:43:18
231,test+231@movableink.com,590840304,N,Platinum,2023-01-26 16:48:02
232,test+232@movableink.com,104206151,Y,None,2023-02-01 16:35:29
233,test+233@movableink.com,961416097,Y,Silver,2023-01-18 20:08:24
234,test+234@movableink.com,635992111,Y,Diamond,2023-05-03 05:40:27
235,test+235@movableink.com,939004759,Y,Diamond,2023-04-11 09:46:47
236,test+236@movableink.com,386391608,N,Diamond,2023-04-29 14:19:49
237,test+237@movableink.com,223881359,N,Platinum,2023-04-12 21:10:38
238,test+238@movableink.com,308282416,Y,Platinum,2023-03-07 06:43:22
239,test+239@movableink.com,119567157,N,None,2023-01-18 19:17:38
240,test+240@movableink.com,641233199,N,None,2023-01-30 04:43:28
241,test+241@movableink.com,497300283,N,Silver,2023-04-13 15:00:54
242,test+242@movableink.com,168639366,N,Silver,2023-07-07 03:09:50
243,test+243@movableink.com,936938616,N,Platinum,2023-04-11 06:07:51
244,test+244@movableink.com,430007049,Y,Silver,2023-01-22 23:45:19
245,test+245@movableink.com,457915367,N,Gold,2023-03-11 19:27:17
246,test+246@movableink.com,699487435,Y,Platinum,2023-02-13 20:00:24
247,test+247@movableink.com,189631213,Y,Gold,2023-01-18 18:05:39
248,test+248@movableink.com,959918014,N,None,2023-03-31 06:54:13
249,test+249@movableink.com,586705373,Y,None,2023-06-30 13:35:59
250,test+250@movableink.com,147178828,Y,Platinum,2023-02-18 08:04:46
251,test+251@movableink.com,688960444,N,Silver,2023-05-20 01:20:55
252,test+252@movableink.com,839224040,N,Platinum,2023-05-01 05:53:37
253,test+253@movableink.com,542986581,Y,Gold,2023-06-01 15:11:58
254,test+254@movableink.com,816183255,Y,None,2023-03-06 07:21:44
255,test+255@movableink.com,426627765,N,Gold,2023-05-30 02:10:06
256,test+256@movableink.com,844559132,Y,Diamond,2023-06-22 09:48:08
257,test+257@movableink.com,698305979,N,Silver,2023-01-14 06:35:33
258,test+258@movableink.com,117668312,Y,Diamond,2023-06-22 18:56:45
259,test+259@movableink.com,818739235,N,Diamond,2023-01-04 23:10:22
260,test+260@movableink.com,470322741,N,Silver,2023-04-29 23:02:39
261,test+261@movableink.com,147812408,Y,Diamond,2023-02-01 22:11:16
262,test+262@movableink.com,955399639,Y,Silver,2023-03-26 17:58:35
263,test+263@movableink.com,689041936,N,Gold,2023-03-30 18:47:10
264,test+264@movableink.com,969946332,Y,Platinum,2023-05-30 20:12:20
265,test+265@movableink.com,738637475,Y,Gold,2023-04-09 03:30:14
266,test+266@movableink.com,168930023,Y,None,2023-01-07 04:06:39
267,test+267@movableink.com,327296695,N,None,2023-04-18 06:05:33
268,test+268@movableink.com,924416201,N,Diamond,2023-05-04 08:18:27
269,test+269@movableink.com,717641895,Y,Silver,2023-01-16 14:00:18
270,test+270@movableink.com,527398914,N,Diamond,2023-01-26 10:07:52
271,test+271@movableink.com,246070897,N,Silver,2023-06-23 18:33:10
272,test+272@movableink.com,584874768,Y,None,2023-06-08 13:10:33
273,test+273@movableink.com,876858776,Y,Platinum,2023-06-01 13:21:05
274,test+274@movableink.com,734158630,N,Silver,2023-01-25 12:51:50
275,test+275@movableink.com,683324836,Y,Diamond,2023-02-07 21:16:28
276,test+276@movableink.com,163380062,Y,Diamond,2023-05-28 10:01:05
277,test+277@movableink.com,746513671,Y,None,2023-01-27 11:02:51
278,test+278@movableink.com,132913666,N,None,2023-01-03 16:24:11
279,test+279@movableink.com,661714093,N,Silver,2023-05-15 08:17:05
280,test+280@movableink.com,932765706,N,Silver,2023-06-30 03:49:12
281,test+281@movableink.com,473109833,Y,Diamond,2023-03-22 15:50:52
282,test+282@movableink.com,511672465,Y,None,2023-05-23 09:41:41
283,test+283@movableink.com,695670435,Y,Diamond,2023-06-24 20:16:13
284,test+284@movableink.com,946603720,Y,None,2023-07-08 16:16:55
285,test+285@movableink.com,490142978,N,Silver,2023-06-17 20:05:32
286,test+286@movableink.com,938239188,N,Gold,2023-05-03 17:28:56
287,test+287@movableink.com,929552408,Y,Silver,2023-01-29 22:31:31
288,test+288@movableink.com,552130287,N,None,2023-04-03 09:04:38
289,test+289@movableink.com,865089569,N,None,2023-03-20 19:24:06
290,test+290@movableink.com,274247210,Y,Diamond,2023-03-18 23:44:36
291,test+291@movableink.com,397422057,N,Diamond,2023-04-19 23:17:36
292,test+292@movableink.com,280153391,Y,Gold,2023-05-29 19:31:47
293,test+293@movableink.com,435521637,Y,Diamond,2023-04-17 06:25:17
294,test+294@movableink.com,656721217,N,Diamond,2023-03-12 21:22:06
295,test+295@movableink.com,911157969,N,Silver,2023-06-04 09:20:46
296,test+296@movableink.com,469238881,N,Silver,2023-06-04 10:37:36
297,test+297@movableink.com,136367119,N,Platinum,2023-06-10 12:27:52
298,test+298@movableink.com,580832464,N,Platinum,2023-01-15 09:47:52
299,test+299@movableink.com,923535831,Y,Silver,2023-05-24 02:30:05
300,test+300@movableink.com,448005738,N,None,2023-01-27 02:47:16
301,test+301@movableink.com,968380766,N,None,2023-03-17 20:53:40
302,test+302@movableink.com,965622641,N,Silver,2023-01-23 22:29:07
303,test+303@movableink.com,941461081,Y,Gold,2023-06-18 03:25:54
304,test+304@movableink.com,873236264,N,Gold,2023-05-24 13:24:11
305,test+305@movableink.com,255845302,Y,Gold,2023-04-07 13:28:17
306,test+306@movableink.com,540076019,N,Platinum,2023-05-17 05:03:40
307,test+307@movableink.com,398293896,N,None,2023-03-02 20:21:34
308,test+308@movableink.com,172052879,Y,Gold,2023-05-03 00:31:05
309,test+309@movableink.com,430042550,Y,Silver,2023-02-01 18:31:53
310,test+310@movableink.com,135988101,Y,Gold,2023-02-04 10:18:15
311,test+311@movableink.com,151386161,Y,None,2023-02-22 17:30:00
312,test+312@movableink.com,262848370,Y,Silver,2023-02-06 17:08:29
313,test+313@movableink.com,335839662,Y,Diamond,2023-04-12 14:03:32
314,test+314@movableink.com,661010064,Y,None,2023-04-26 14:48:10
315,test+315@movableink.com,997076095,Y,Silver,2023-05-18 21:51:42
316,test+316@movableink.com,659324263,Y,None,2023-01-25 16:19:49
317,test+317@movableink.com,606431289,Y,Diamond,2023-01-21 09:52:28
318,test+318@movableink.com,879954074,Y,Silver,2023-02-20 17:16:17
319,test+319@movableink.com,193894785,N,Diamond,2023-03-01 01:46:11
320,test+320@movableink.com,690792525,Y,Diamond,2023-03-11 22:15:31
321,test+321@movableink.com,371586549,Y,Silver,2023-03-06 10:22:14
322,test+322@movableink.com,632542217,N,Platinum,2023-04-23 09:01:25
323,test+323@movableink.com,314146898,Y,None,2023-05-19 03:00:05
324,test+324@movableink.com,568904053,Y,Silver,2023-01-10 00:21:41
325,test+325@movableink.com,360537137,Y,Gold,2023-02-15 19:11:14
326,test+326@movableink.com,463184437,Y,Silver,2023-01-02 23:50:25
327,test+327@movableink.com,879599690,N,Gold,2023-03-18 04:20:26
328,test+328@movableink.com,478843706,Y,None,2023-02-16 04:51:46
329,test+329@movableink.com,321607109,Y,Platinum,2023-05-16 23:41:31
330,test+330@movableink.com,761682254,N,Diamond,2023-02-12 20:39:33
331,test+331@movableink.com,550687682,N,Silver,2023-05-12 05:35:47
332,test+332@movableink.com,396841620,Y,None,2023-06-19 10:30:11
333,test+333@movableink.com,801691229,Y,Diamond,2023-06-30 08:36:39
334,test+334@movableink.com,520916553,Y,Platinum,2023-04-17 00:23:06
335,test+335@movableink.com,458741478,N,Diamond,2023-07-05 12:57:38
336,test+336@movableink.com,755267964,N,Silver,2023-05-13 02:22:38
337,test+337@movableink.com,357084725,N,Diamond,2023-03-09 18:34:09
338,test+338@movableink.com,380927521,N,Platinum,2023-07-04 12:34:32
339,test+339@movableink.com,404161043,Y,Gold,2023-05-04 13:04:54
340,test+340@movableink.com,368652358,N,Gold,2023-04-27 21:40:06
341,test+341@movableink.com,639266476,N,Gold,2023-07-02 05:30:17
342,test+342@movableink.com,372529396,Y,Platinum,2023-06-05 14:19:39
343,test+343@movableink.com,790544511,Y,Silver,2023-03-14 07:35:56
344,test+344@movableink.com,801333551,N,Platinum,2023-06-01 16:59:41
345,test+345@movableink.com,696456255,Y,Diamond,2023-05-08 02:42:33
346,test+346@movableink.com,497962534,Y,Gold,2023-04-07 14:20:30
347,test+347@movableink.com,824343427,N,Diamond,2023-03-25 05:52:08
348,test+348@movableink.com,635463056,Y,Platinum,2023-06-17 14:51:55
349,test+349@movableink.com,766168766,Y,None,2023-05-02 12:36:43
350,test+350@movableink.com,304433464,N,None,2023-03-02 13:03:37
351,test+351@movableink.com,534460003,Y,Platinum,2023-03-31 23:03:51
352,test+352@movableink.com,324531681,Y,Silver,2023-02-07 21:53:24
353,test+353@movableink.com,956816091,N,Gold,2023-03-18 18:27:15
354,test+354@movableink.com,634732090,Y,Diamond,2023-03-16 10:35:11
355,test+355@movableink.com,745012512,Y,None,2023-05-29 13:56:55
356,test+356@movableink.com,379423426,Y,Platinum,2023-02-24 04:53:16
357,test+357@movableink.com,614726595,Y,Gold,2023-05-07 14:55:18
358,test+358@movableink.com,316232115,Y,None,2023-06-11 17:57:28
359,test+359@movableink.com,356845771,N,Silver,2023-04-20 08:33:42
360,test+360@movableink.com,160629064,Y,Gold,2023-01-14 17:10:38
361,test+361@movableink.com,919161451,Y,Platinum,2023-03-15 06:39:51
362,test+362@movableink.com,572353539,N,Platinum,2023-04-17 06:24:14
363,test+363@movableink.com,986921424,Y,Platinum,2023-01-10 23:23:48
364,test+364@movableink.com,490287443,N,Diamond,2023-03-29 18:46:04
365,test+365@movableink.com,610755796,Y,Diamond,2023-02-01 10:51:32
366,test+366@movableink.com,324238147,Y,Silver,2023-04-19 09:44:22
367,test+367@movableink.com,144276604,N,None,2023-05-28 16:22:27
368,test+368@movableink.com,797085858,Y,Silver,2023-04-05 19:20:51
369,test+369@movableink.com,641246043,Y,None,2023-07-09 07:42:50
370,test+370@movableink.com,288927292,Y,Silver,2023-03-02 06:42:55
371,test+371@movableink.com,696043552,Y,Silver,2023-05-30 12:53:10
372,test+372@movableink.com,177310606,Y,Gold,2023-06-13 00:09:44
373,test+373@movableink.com,130117534,Y,Platinum,2023-05-17 07:38:48
374,test+374@movableink.com,494827759,N,None,2023-03-25 11:57:02
375,test+375@movableink.com,298868989,Y,None,2023-07-09 09:29:40
376,test+376@movableink.com,805227791,Y,Gold,2023-05-25 01:46:56
377,test+377@movableink.com,780951485,Y,Platinum,2023-01-29 15:24:12
378,test+378@movableink.com,314049972,Y,Platinum,2023-01-18 04:36:02
379,test+379@movableink.com,182458571,Y,Diamond,2023-06-28 13:24:10
380,test+380@movableink.com,101635355,N,Platinum,2023-04-16 08:59:08
381,test+381@movableink.com,874670175,Y,None,2023-02-19 03:10:05
382,test+382@movableink.com,607085267,Y,Silver,2023-04-28 21:26:52
383,test+383@movableink.com,487960881,Y,Gold,2023-02-21 04:59:15
384,test+384@movableink.com,607417558,N,None,2023-05-07 08:21:30
385,test+385@movableink.com,711954288,N,Diamond,2023-07-09 11:50:14
386,test+386@movableink.com,927115957,Y,Gold,2023-05-20 17:31:47
387,test+387@movableink.com,392881109,Y,Diamond,2023-06-24 00:11:53
388,test+388@movableink.com,665306854,Y,Gold,2023-05-23 12:34:13
389,test+389@movableink.com,325415836,N,None,2023-01-10 01:32:05
390,test+390@movableink.com,666231103,Y,Gold,2023-03-14 13:36:18
391,test+391@movableink.com,451207156,N,Platinum,2023-02-06 03:48:04
392,test+392@movableink.com,880816857,Y,Gold,2023-05-23 21:41:47
393,test+393@movableink.com,693537088,Y,Diamond,2023-03-23 13:34:56
394,test+394@movableink.com,970229756,N,Diamond,2023-05-05 18:51:30
395,test+395@movableink.com,909852266,N,Silver,2023-02-02 11:52:14
396,test+396@movableink.com,909973401,N,None,2023-01-21 18:46:01
397,test+397@movableink.com,231350485,Y,Silver,2023-02-16 18:01:40
398,test+398@movableink.com,669905404,N,Diamond,2023-04-05 16:14:38
399,test+399@movableink.com,429105035,Y,Gold,2023-02-28 05:50:52
400,test+400@movableink.com,863321166,N,None,2023-03-01 20:13:40
401,test+401@movableink.com,494501450,N,Platinum,2023-03-31 01:46:57
402,test+402@movableink.com,953803039,Y,Gold,2023-01-17 22:58:44
403,test+403@movableink.com,205519267,Y,None,2023-06-05 05:06:09
404,test+404@movableink.com,568261882,Y,Silver,2023-05-05 19:35:30
405,test+405@movableink.com,974413799,Y,Diamond,2023-05-28 03:06:27
406,test+406@movableink.com,964865411,N,Gold,2023-01-24 04:18:04
407,test+407@movableink.com,194131163,Y,None,2023-06-13 22:34:15
408,test+408@movableink.com,563110843,Y,None,2023-01-11 07:15:15
409,test+409@movableink.com,392197198,Y,Silver,2023-06-25 05:27:43
410,test+410@movableink.com,767947674,N,Platinum,2023-06-11 05:35:48
411,test+411@movableink.com,912079878,Y,None,2023-02-15 11:47:57
412,test+412@movableink.com,824783128,N,Platinum,2023-03-17 06:50:45
413,test+413@movableink.com,440475475,Y,None,2023-05-23 19:22:52
414,test+414@movableink.com,681258717,N,Gold,2023-06-04 03:33:30
415,test+415@movableink.com,113710987,N,Platinum,2023-01-08 03:45:15
416,test+416@movableink.com,650444172,Y,Diamond,2023-06-23 01:35:28
417,test+417@movableink.com,225222804,Y,Silver,2023-06-07 11:34:48
418,test+418@movableink.com,382779579,Y,Diamond,2023-05-29 12:21:33
419,test+419@movableink.com,675215202,Y,Gold,2023-06-19 09:23:23
420,test+420@movableink.com,762515872,Y,Silver,2023-06-28 01:32:28
421,test+421@movableink.com,824065816,Y,Gold,2023-01-23 14:45:32
422,test+422@movableink.com,328885384,N,Silver,2023-06-17 03:54:40
423,test+423@movableink.com,362708409,N,None,2023-02-03 05:49:05
424,test+424@movableink.com,145553888,N,Platinum,2023-03-06 06:30:50
425,test+425@movableink.com,442894339,Y,Diamond,2023-07-07 12:37:36
426,test+426@movableink.com,132800144,N,None,2023-04-06 09:59:15
427,test+427@movableink.com,279643835,N,None,2023-07-10 12:12:34
428,test+428@movableink.com,786869602,N,None,2023-03-26 16:01:45
429,test+429@movableink.com,459095649,Y,Silver,2023-05-21 07:57:06
430,test+430@movableink.com,766072911,N,Silver,2023-02-02 00:14:07
431,test+431@movableink.com,664060462,Y,None,2023-01-07 12:20:12
432,test+432@movableink.com,812659763,Y,Diamond,2023-03-20 17:02:33
433,test+433@movableink.com,508331006,N,Gold,2023-03-29 15:52:05
434,test+434@movableink.com,875797374,Y,None,2023-03-20 07:25:25
435,test+435@movableink.com,560376382,N,None,2023-02-28 23:24:24
436,test+436@movableink.com,119978341,N,Diamond,2023-02-27 06:44:15
437,test+437@movableink.com,640486804,N,Silver,2023-01-26 01:43:29
438,test+438@movableink.com,832462613,Y,None,2023-01-02 22:41:09
439,test+439@movableink.com,834757334,N,None,2023-04-29 17:20:53
440,test+440@movableink.com,393829785,Y,None,2023-07-05 21:53:39
441,test+441@movableink.com,558777785,Y,Gold,2023-04-24 05:41:11
442,test+442@movableink.com,977051032,Y,None,2023-06-03 07:12:09
443,test+443@movableink.com,381336512,Y,Silver,2023-03-18 13:04:48
444,test+444@movableink.com,312370878,N,Diamond,2023-05-09 05:12:53
445,test+445@movableink.com,824143604,Y,Gold,2023-02-09 16:47:16
446,test+446@movableink.com,508446426,Y,Platinum,2023-04-10 15:15:57
447,test+447@movableink.com,150298478,N,Silver,2023-01-17 16:20:05
448,test+448@movableink.com,409110029,N,Diamond,2023-02-16 14:08:46
449,test+449@movableink.com,776107743,N,Silver,2023-03-18 14:18:38
450,test+450@movableink.com,709134397,Y,Diamond,2023-02-16 15:24:55
451,test+451@movableink.com,742843113,Y,Diamond,2023-03-04 04:55:11
452,test+452@movableink.com,591373569,Y,None,2023-04-22 14:37:15
453,test+453@movableink.com,493296418,N,None,2023-04-28 23:18:24
454,test+454@movableink.com,967360733,N,Diamond,2023-02-21 06:02:36
455,test+455@movableink.com,624739736,Y,Platinum,2023-06-16 10:40:43
456,test+456@movableink.com,668176427,Y,Diamond,2023-04-14 10:36:09
457,test+457@movableink.com,735495782,Y,None,2023-06-07 01:11:16
458,test+458@movableink.com,841352541,N,Gold,2023-03-16 23:20:00
459,test+459@movableink.com,343189405,Y,Platinum,2023-03-25 03:53:14
460,test+460@movableink.com,617222178,N,Silver,2023-07-01 05:49:42
461,test+461@movableink.com,582535855,N,Diamond,2023-01-18 14:52:57
462,test+462@movableink.com,536541521,Y,Silver,2023-01-13 14:34:52
463,test+463@movableink.com,642465032,Y,Silver,2023-02-02 09:00:15
464,test+464@movableink.com,471066021,Y,Gold,2023-05-05 16:42:37
465,test+465@movableink.com,356799134,Y,Diamond,2023-02-01 08:40:07
466,test+466@movableink.com,751630781,Y,Gold,2023-07-01 19:46:37
467,test+467@movableink.com,234237534,Y,None,2023-04-13 14:21:00
468,test+468@movableink.com,421100459,Y,Silver,2023-07-10 03:59:39
469,test+469@movableink.com,664655569,N,Gold,2023-01-14 06:16:21
470,test+470@movableink.com,821364700,Y,Diamond,2023-06-08 18:46:33
471,test+471@movableink.com,552095506,Y,Silver,2023-01-14 11:05:02
472,test+472@movableink.com,974995468,Y,Diamond,2023-04-22 21:13:44
473,test+473@movableink.com,242261126,N,Gold,2023-02-20 23:17:02
474,test+474@movableink.com,908439483,Y,None,2023-01-02 18:16:24
475,test+475@movableink.com,343646619,N,Diamond,2023-03-05 07:17:03
476,test+476@movableink.com,810251751,N,Platinum,2023-03-08 07:34:57
477,test+477@movableink.com,117165703,N,Silver,2023-05-22 19:30:37
478,test+478@movableink.com,616675763,N,Silver,2023-06-15 02:05:26
479,test+479@movableink.com,378483062,N,None,2023-04-20 01:21:49
480,test+480@movableink.com,708032146,N,Platinum,2023-04-07 10:17:08
481,test+481@movableink.com,607711220,N,Diamond,2023-07-05 22:07:47
482,test+482@movableink.com,309255847,Y,Gold,2023-06-09 23:36:07
483,test+483@movableink.com,860130744,Y,Platinum,2023-03-26 13:45:30
484,test+484@movableink.com,198988118,Y,None,2023-05-03 19:26:38
485,test+485@movableink.com,834359323,Y,None,2023-02-05 22:50:29
486,test+486@movableink.com,708603283,N,None,2023-02-23 15:48:49
487,test+487@movableink.com,553441810,Y,Gold,2023-04-13 00:05:53
488,test+488@movableink.com,225529761,Y,Diamond,2023-03-21 12:41:09
489,test+489@movableink.com,694978012,Y,Gold,2023-06-14 21:52:48
490,test+490@movableink.com,378522683,Y,None,2023-06-19 08:56:36
491,test+491@movableink.com,140614625,Y,Silver,2023-06-09 05:43:45
492,test+492@movableink.com,194046247,Y,Gold,2023-02-22 21:10:50
493,test+493@movableink.com,339605346,Y,Platinum,2023-01-07 18:48:45
494,test+494@movableink.com,569962338,Y,Platinum,2023-02-21 22:47:57
495,test+495@movableink.com,157047076,Y,Diamond,2023-03-04 15:14:07
496,test+496@movableink.com,276500830,Y,None,2023-04-22 17:50:51
497,test+497@movableink.com,964614822,N,None,2023-06-20 07:35:24
498,test+498@movableink.com,795860923,N,Platinum,2023-02-18 01:33:57
499,test+499@movableink.com,345139926,Y,Platinum,2023-06-23 22:48:07
500,test+500@movableink.com,136535739,N,Gold,2023-04-26 00:27:57
501,test+501@movableink.com,173355775,N,None,2023-04-21 06:26:55
502,test+502@movableink.com,924479614,N,Diamond,2023-04-07 09:36:29
503,test+503@movableink.com,462307381,N,Diamond,2023-02-17 09:37:31
504,test+504@movableink.com,695249564,N,Platinum,2023-03-24 16:17:34
505,test+505@movableink.com,432435747,Y,None,2023-04-25 06:57:27
506,test+506@movableink.com,724950336,N,Platinum,2023-02-17 12:55:17
507,test+507@movableink.com,665962745,Y,Diamond,2023-05-01 06:49:59
508,test+508@movableink.com,258463122,N,None,2023-03-19 22:33:55
509,test+509@movableink.com,803150965,N,Gold,2023-04-07 21:54:43
510,test+510@movableink.com,320173012,Y,Diamond,2023-05-07 04:15:17
511,test+511@movableink.com,367506656,Y,Diamond,2023-02-11 18:22:41
512,test+512@movableink.com,616906515,N,Gold,2023-05-23 02:53:40
513,test+513@movableink.com,884210536,Y,Platinum,2023-03-30 12:20:38
514,test+514@movableink.com,506844057,Y,None,2023-02-06 04:26:57
515,test+515@movableink.com,450404966,N,Diamond,2023-01-04 17:05:34
516,test+516@movableink.com,153625122,Y,Platinum,2023-02-16 04:24:45
517,test+517@movableink.com,623682913,Y,Diamond,2023-05-28 12:18:04
518,test+518@movableink.com,391496699,Y,Gold,2023-06-16 02:03:16
519,test+519@movableink.com,901498064,N,Gold,2023-04-16 15:13:56
520,test+520@movableink.com,229860228,N,Platinum,2023-03-04 07:18:29
521,test+521@movableink.com,298509543,N,Silver,2023-06-19 06:22:23
522,test+522@movableink.com,405121804,N,None,2023-06-30 17:04:32
523,test+523@movableink.com,916634738,Y,Diamond,2023-07-03 00:08:10
524,test+524@movableink.com,249567781,Y,Diamond,2023-04-12 07:24:20
525,test+525@movableink.com,679672393,N,Silver,2023-05-22 11:30:19
526,test+526@movableink.com,914675393,Y,Platinum,2023-05-10 01:10:01
527,test+527@movableink.com,971773926,N,Silver,2023-06-30 06:41:57
528,test+528@movableink.com,994246771,N,Diamond,2023-02-27 21:52:47
529,test+529@movableink.com,176877961,N,Platinum,2023-05-13 06:28:56
530,test+530@movableink.com,709674689,N,Silver,2023-01-13 20:19:28
531,test+531@movableink.com,798011213,Y,None,2023-01-07 22:33:17
532,test+532@movableink.com,362988360,N,Diamond,2023-05-17 20:40:54
533,test+533@movableink.com,752487674,Y,None,2023-02-28 22:18:52
534,test+534@movableink.com,316799032,Y,Silver,2023-07-09 05:07:37
535,test+535@movableink.com,865026152,N,Diamond,2023-07-06 07:05:45
536,test+536@movableink.com,746986688,Y,None,2023-02-16 22:54:47
537,test+537@movableink.com,155704713,Y,Diamond,2023-01-05 19:26:52
538,test+538@movableink.com,808604968,N,Gold,2023-04-19 14:37:22
539,test+539@movableink.com,401800684,N,Platinum,2023-01-03 02:51:14
540,test+540@movableink.com,573894286,Y,Platinum,2023-07-06 20:15:33
541,test+541@movableink.com,755710758,N,None,2023-04-24 21:05:06
542,test+542@movableink.com,295279559,N,Platinum,2023-05-02 04:36:13
543,test+543@movableink.com,782845808,N,Silver,2023-07-07 23:51:01
544,test+544@movableink.com,221345369,N,Silver,2023-02-26 16:37:12
545,test+545@movableink.com,573482647,Y,Silver,2023-02-22 12:17:16
546,test+546@movableink.com,749670609,Y,None,2023-04-25 17:32:14
547,test+547@movableink.com,497909471,N,Gold,2023-01-06 12:18:49
548,test+548@movableink.com,633259518,Y,Silver,2023-02-02 08:23:42
549,test+549@movableink.com,801694848,Y,None,2023-03-14 19:49:22
550,test+550@movableink.com,419043178,N,Platinum,2023-01-06 13:10:03
551,test+551@movableink.com,772078531,Y,None,2023-06-13 15:29:08
552,test+552@movableink.com,954061510,Y,None,2023-06-16 03:06:49
553,test+553@movableink.com,367132227,Y,Platinum,2023-03-24 01:38:09
554,test+554@movableink.com,445260896,N,Silver,2023-02-16 15:50:28
555,test+555@movableink.com,928905196,N,Silver,2023-05-11 18:42:54
556,test+556@movableink.com,464815491,N,Platinum,2023-05-19 20:46:34
557,test+557@movableink.com,103190736,N,Silver,2023-02-10 00:43:06
558,test+558@movableink.com,268323138,Y,Gold,2023-02-23 14:08:20
559,test+559@movableink.com,904165281,N,Platinum,2023-05-08 21:49:20
560,test+560@movableink.com,456344858,Y,None,2023-03-12 19:50:49
561,test+561@movableink.com,649836888,N,Gold,2023-06-10 20:40:59
562,test+562@movableink.com,431930235,Y,Silver,2023-02-17 23:11:47
563,test+563@movableink.com,125704610,Y,Diamond,2023-02-05 15:53:43
564,test+564@movableink.com,560724125,Y,None,2023-03-13 16:51:51
565,test+565@movableink.com,808345619,Y,None,2023-01-16 11:55:06
566,test+566@movableink.com,350271787,Y,Diamond,2023-03-06 04:49:02
567,test+567@movableink.com,612620693,N,Gold,2023-05-22 14:17:56
568,test+568@movableink.com,865035405,Y,Gold,2023-07-02 11:44:52
569,test+569@movableink.com,262672730,N,Silver,2023-01-20 07:48:13
570,test+570@movableink.com,536031690,Y,Diamond,2023-05-13 17:54:06
571,test+571@movableink.com,126282464,N,Gold,2023-02-19 18:40:10
572,test+572@movableink.com,937858897,Y,None,2023-05-04 01:28:29
573,test+573@movableink.com,225516112,Y,Silver,2023-02-14 16:14:57
574,test+574@movableink.com,917848540,N,Platinum,2023-01-05 05:44:06
575,test+575@movableink.com,871968839,Y,None,2023-06-29 13:21:10
576,test+576@movableink.com,338727013,Y,Diamond,2023-02-06 23:16:14
577,test+577@movableink.com,169550472,Y,None,2023-06-12 05:12:25
578,test+578@movableink.com,566665691,Y,None,2023-02-11 09:31:47
579,test+579@movableink.com,488301537,N,Gold,2023-03-06 05:26:36
580,test+580@movableink.com,841101429,Y,Silver,2023-04-24 07:38:07
581,test+581@movableink.com,568431923,N,Silver,2023-05-31 15:51:47
582,test+582@movableink.com,722634707,N,Silver,2023-02-27 18:18:18
583,test+583@movableink.com,796264339,N,Silver,2023-01-23 16:04:50
584,test+584@movableink.com,334203515,N,Platinum,2023-02-01 12:27:03
585,test+585@movableink.com,748162421,N,Diamond,2023-04-28 00:39:25
586,test+586@movableink.com,385028152,N,Gold,2023-02-28 00:03:35
587,test+587@movableink.com,490094901,Y,Gold,2023-02-25 01:08:28
588,test+588@movableink.com,531661260,Y,Platinum,2023-04-29 05:29:58
589,test+589@movableink.com,401189970,Y,Platinum,2023-07-07 22:21:41
590,test+590@movableink.com,318956680,Y,Diamond,2023-05-09 20:21:56
591,test+591@movableink.com,975083414,Y,None,2023-05-21 05:05:35
592,test+592@movableink.com,706402565,N,Platinum,2023-03-02 14:13:55
593,test+593@movableink.com,127253764,N,Silver,2023-07-09 22:27:58
594,test+594@movableink.com,320513158,Y,Silver,2023-04-27 09:18:53
595,test+595@movableink.com,724548038,Y,None,2023-02-15 03:13:47
596,test+596@movableink.com,403136282,N,Platinum,2023-03-23 21:11:30
597,test+597@movableink.com,295818565,N,Platinum,2023-06-04 21:41:22
598,test+598@movableink.com,687802999,Y,None,2023-06-09 16:52:02
599,test+599@movableink.com,394524429,Y,Diamond,2023-01-23 16:26:28
600,test+600@movableink.com,977797911,N,Diamond,2023-03-02 08:58:58
601,test+601@movableink.com,865253405,N,Silver,2023-03-14 10:01:39
602,test+602@movableink.com,723910190,N,None,2023-05-03 10:00:36
603,test+603@movableink.com,795893515,Y,Gold,2023-03-17 00:10:41
604,test+604@movableink.com,789189840,Y,None,2023-03-17 06:52:23
605,test+605@movableink.com,257874448,N,Platinum,2023-05-12 14:10:46
606,test+606@movableink.com,231028074,N,Silver,2023-02-05 22:48:56
607,test+607@movableink.com,580371698,Y,Gold,2023-06-08 10:51:21
608,test+608@movableink.com,698075361,Y,Gold,2023-06-15 22:16:12
609,test+609@movableink.com,676172445,N,Platinum,2023-07-02 14:48:22
610,test+610@movableink.com,108802668,Y,Diamond,2023-03-25 09:46:47
611,test+611@movableink.com,189885606,Y,Gold,2023-05-14 01:43:58
612,test+612@movableink.com,762482132,Y,None,2023-03-19 11:43:45
613,test+613@movableink.com,341265445,Y,None,2023-06-13 10:44:45
614,test+614@movableink.com,801738126,Y,Platinum,2023-02-22 14:34:29
615,test+615@movableink.com,133601051,Y,Platinum,2023-05-29 11:04:47
616,test+616@movableink.com,750915159,Y,Gold,2023-02-16 22:24:42
617,test+617@movableink.com,432024664,N,Platinum,2023-02-04 17:42:45
618,test+618@movableink.com,592552172,N,Gold,2023-03-02 07:39:51
619,test+619@movableink.com,988403794,Y,Platinum,2023-05-19 12:44:05
620,test+620@movableink.com,204952704,Y,Platinum,2023-02-18 09:59:32
621,test+621@movableink.com,523783415,N,Silver,2023-06-14 23:32:17
622,test+622@movableink.com,451653704,Y,Gold,2023-05-22 19:20:17
623,test+623@movableink.com,119383002,N,None,2023-03-14 00:38:16
624,test+624@movableink.com,698223747,N,Silver,2023-04-26 19:46:42
625,test+625@movableink.com,773292608,N,None,2023-03-18 15:24:25
626,test+626@movableink.com,322845762,N,Diamond,2023-01-17 10:18:39
627,test+627@movableink.com,554842992,Y,Platinum,2023-06-25 18:23:20
628,test+628@movableink.com,407324980,N,None,2023-04-30 00:15:50
629,test+629@movableink.com,241470037,Y,Gold,2023-05-22 12:52:06
630,test+630@movableink.com,708778207,N,Gold,2023-01-06 23:37:06
631,test+631@movableink.com,794678938,Y,Silver,2023-04-17 05:16:13
632,test+632@movableink.com,786918022,N,Diamond,2023-02-12 19:59:01
633,test+633@movableink.com,143305684,Y,Gold,2023-02-21 21:35:16
634,test+634@movableink.com,304815011,Y,Platinum,2023-01-09 22:06:21
635,test+635@movableink.com,626583309,Y,None,2023-03-22 19:46:17
636,test+636@movableink.com,294593781,Y,Platinum,2023-01-30 10:50:28
637,test+637@movableink.com,698424094,N,Gold,2023-01-02 22:16:24
638,test+638@movableink.com,779965167,N,Diamond,2023-02-23 13:36:36
639,test+639@movableink.com,917246135,Y,None,2023-01-15 00:34:27
640,test+640@movableink.com,227212392,Y,None,2023-02-18 19:33:18
641,test+641@movableink.com,946003509,N,Gold,2023-06-09 03:12:21
642,test+642@movableink.com,994587577,Y,Silver,2023-04-26 08:57:04
643,test+643@movableink.com,648704184,Y,Diamond,2023-04-10 01:45:29
644,test+644@movableink.com,328581746,Y,Diamond,2023-01-12 15:01:15
645,test+645@movableink.com,834736753,Y,Gold,2023-01-28 06:01:04
646,test+646@movableink.com,887693547,Y,Platinum,2023-05-25 08:05:31
647,test+647@movableink.com,557429710,N,Silver,2023-04-02 22:27:26
648,test+648@movableink.com,272097200,Y,Diamond,2023-05-14 17:01:48
649,test+649@movableink.com,979943703,N,Diamond,2023-04-15 05:34:39
650,test+650@movableink.com,575446590,Y,Platinum,2023-03-11 12:16:27
651,test+651@movableink.com,398298973,Y,Gold,2023-06-01 09:42:54
652,test+652@movableink.com,627856419,Y,Diamond,2023-01-25 21:42:34
653,test+653@movableink.com,707651282,Y,Diamond,2023-04-09 07:42:53
654,test+654@movableink.com,604345561,N,None,2023-06-04 19:01:53
655,test+655@movableink.com,805725713,Y,Platinum,2023-05-01 13:53:20
656,test+656@movableink.com,832566886,N,None,2023-02-06 21:53:23
657,test+657@movableink.com,914760986,Y,None,2023-01-11 20:27:22
658,test+658@movableink.com,622255913,N,Silver,2023-06-25 15:09:37
659,test+659@movableink.com,724089942,N,Gold,2023-03-07 18:05:37
660,test+660@movableink.com,728998808,Y,Diamond,2023-03-28 02:52:24
661,test+661@movableink.com,822310637,Y,Diamond,2023-04-08 23:10:55
662,test+662@movableink.com,171149517,Y,Silver,2023-06-05 07:30:38
663,test+663@movableink.com,138292603,N,Silver,2023-03-23 10:45:36
664,test+664@movableink.com,494649159,N,Silver,2023-02-08 06:32:56
665,test+665@movableink.com,564906224,Y,Diamond,2023-05-11 21:41:22
666,test+666@movableink.com,283320087,Y,None,2023-02-02 13:46:16
667,test+667@movableink.com,255938214,Y,Diamond,2023-04-12 10:32:19
668,test+668@movableink.com,132327587,Y,Silver,2023-02-16 00:48:24
669,test+669@movableink.com,744970883,Y,Platinum,2023-06-25 10:45:16
670,test+670@movableink.com,960744670,N,None,2023-03-25 17:00:32
671,test+671@movableink.com,324722618,N,Gold,2023-02-12 22:31:22
672,test+672@movableink.com,283774917,N,Diamond,2023-04-14 03:29:48
673,test+673@movableink.com,646066002,N,Diamond,2023-07-05 22:34:19
674,test+674@movableink.com,977443406,Y,Platinum,2023-02-11 22:19:40
675,test+675@movableink.com,660794853,Y,Diamond,2023-06-29 07:16:31
676,test+676@movableink.com,348100114,Y,Gold,2023-03-20 17:21:44
677,test+677@movableink.com,151382978,Y,Platinum,2023-03-14 22:19:29
678,test+678@movableink.com,142743905,N,Gold,2023-06-07 04:47:07
679,test+679@movableink.com,233153040,N,Diamond,2023-02-22 13:40:17
680,test+680@movableink.com,216163362,N,Diamond,2023-05-12 11:53:17
681,test+681@movableink.com,431908415,Y,None,2023-01-08 08:33:11
682,test+682@movableink.com,227648362,Y,Diamond,2023-03-09 07:58:10
683,test+683@movableink.com,841390891,N,Diamond,2023-06-09 01:34:50
684,test+684@movableink.com,733945202,Y,Diamond,2023-05-24 07:55:04
685,test+685@movableink.com,802532824,Y,Diamond,2023-01-14 22:33:06
686,test+686@movableink.com,890662455,N,Diamond,2023-05-26 23:12:38
687,test+687@movableink.com,883543904,Y,Gold,2023-02-15 06:31:27
688,test+688@movableink.com,990830553,N,Silver,2023-05-12 08:57:34
689,test+689@movableink.com,628119726,Y,Gold,2023-05-24 22:39:01
690,test+690@movableink.com,821505811,Y,Gold,2023-06-07 22:50:47
691,test+691@movableink.com,770625614,Y,Platinum,2023-05-09 09:24:10
692,test+692@movableink.com,219982900,N,Diamond,2023-06-28 23:11:57
693,test+693@movableink.com,848843018,N,Diamond,2023-06-17 01:38:31
694,test+694@movableink.com,141425858,N,Gold,2023-06-07 18:23:07
695,test+695@movableink.com,193864524,N,Silver,2023-03-23 06:21:31
696,test+696@movableink.com,932889587,N,Diamond,2023-06-12 16:12:35
697,test+697@movableink.com,769485349,Y,Silver,2023-02-27 13:55:51
698,test+698@movableink.com,551074926,Y,Diamond,2023-03-22 22:20:37
699,test+699@movableink.com,569377438,N,Gold,2023-02-27 13:22:17
700,test+700@movableink.com,418499867,N,Gold,2023-05-18 23:07:31
701,test+701@movableink.com,437055530,N,Silver,2023-03-03 02:57:40
702,test+702@movableink.com,537436640,N,Platinum,2023-04-06 03:40:45
703,test+703@movableink.com,974437850,Y,Gold,2023-06-11 07:24:53
704,test+704@movableink.com,267480978,Y,Gold,2023-01-11 05:56:38
705,test+705@movableink.com,164394278,Y,Silver,2023-05-12 15:40:25
706,test+706@movableink.com,846450633,N,Silver,2023-02-01 15:44:31
707,test+707@movableink.com,241241786,N,None,2023-03-30 07:22:58
708,test+708@movableink.com,282345642,Y,None,2023-04-08 07:39:05
709,test+709@movableink.com,190894524,Y,Platinum,2023-01-14 19:35:45
710,test+710@movableink.com,444064103,Y,Platinum,2023-07-02 09:23:31
711,test+711@movableink.com,718048724,N,Silver,2023-04-23 03:15:30
712,test+712@movableink.com,809794951,N,Platinum,2023-06-27 10:33:11
713,test+713@movableink.com,206960586,N,Platinum,2023-04-27 06:10:17
714,test+714@movableink.com,901843173,N,Gold,2023-06-16 13:32:18
715,test+715@movableink.com,332728268,N,Gold,2023-01-10 21:20:50
716,test+716@movableink.com,866770764,Y,None,2023-05-27 07:55:42
717,test+717@movableink.com,687756041,N,Platinum,2023-03-13 22:54:50
718,test+718@movableink.com,325845551,Y,None,2023-03-24 17:55:07
719,test+719@movableink.com,172825743,N,None,2023-03-02 20:35:01
720,test+720@movableink.com,441536993,Y,None,2023-01-11 08:03:23
721,test+721@movableink.com,852884839,N,Silver,2023-03-26 12:55:06
722,test+722@movableink.com,246903928,Y,Silver,2023-06-22 06:08:41
723,test+723@movableink.com,742179887,Y,Platinum,2023-03-23 06:20:31
724,test+724@movableink.com,768502392,Y,Diamond,2023-05-16 21:04:01
725,test+725@movableink.com,397666966,Y,Gold,2023-01-19 17:49:10
726,test+726@movableink.com,306247115,N,Gold,2023-02-02 06:31:06
727,test+727@movableink.com,544317149,N,Platinum,2023-04-21 09:40:31
728,test+728@movableink.com,371409132,N,Gold,2023-07-03 14:59:44
729,test+729@movableink.com,612173272,Y,Gold,2023-02-13 07:52:23
730,test+730@movableink.com,690454049,N,None,2023-05-28 19:31:26
731,test+731@movableink.com,564644866,Y,None,2023-05-15 13:57:59
732,test+732@movableink.com,133644653,Y,Diamond,2023-05-16 21:05:23
733,test+733@movableink.com,924825145,Y,Diamond,2023-05-14 08:13:36
734,test+734@movableink.com,701792605,Y,Silver,2023-06-12 22:08:02
735,test+735@movableink.com,232199023,N,Silver,2023-03-07 17:34:26
736,test+736@movableink.com,930536883,Y,Platinum,2023-01-02 16:56:17
737,test+737@movableink.com,209695430,Y,Silver,2023-01-11 03:14:06
738,test+738@movableink.com,105329696,Y,Platinum,2023-04-14 16:19:14
739,test+739@movableink.com,513057085,N,Gold,2023-03-02 00:59:36
740,test+740@movableink.com,796825336,N,Gold,2023-05-26 12:26:20
741,test+741@movableink.com,630352872,N,Silver,2023-06-10 21:17:28
742,test+742@movableink.com,875109425,Y,Platinum,2023-06-10 12:52:12
743,test+743@movableink.com,909331340,Y,Gold,2023-07-06 02:27:23
744,test+744@movableink.com,865686375,Y,Gold,2023-07-05 18:40:58
745,test+745@movableink.com,163564026,N,Gold,2023-03-31 12:00:17
746,test+746@movableink.com,886816664,N,Diamond,2023-04-07 23:32:22
747,test+747@movableink.com,935375595,Y,Silver,2023-05-01 16:44:33
748,test+748@movableink.com,268634504,Y,Platinum,2023-01-06 05:04:04
749,test+749@movableink.com,145423996,N,Gold,2023-06-11 22:38:51
750,test+750@movableink.com,428823762,N,Diamond,2023-03-09 12:39:02
751,test+751@movableink.com,503904286,N,None,2023-04-19 23:12:45
752,test+752@movableink.com,251322604,Y,Gold,2023-02-18 10:16:36
753,test+753@movableink.com,234999801,Y,None,2023-04-14 23:36:13
754,test+754@movableink.com,172321996,Y,None,2023-04-25 13:32:55
755,test+755@movableink.com,521615901,N,Silver,2023-01-19 23:56:04
756,test+756@movableink.com,384623059,Y,Diamond,2023-05-01 05:07:27
757,test+757@movableink.com,879409497,Y,Platinum,2023-04-04 23:55:17
758,test+758@movableink.com,799433667,N,Silver,2023-05-29 20:38:07
759,test+759@movableink.com,499567714,Y,Diamond,2023-05-19 08:22:05
760,test+760@movableink.com,335582212,Y,Gold,2023-05-09 19:58:17
761,test+761@movableink.com,456887668,N,None,2023-05-10 04:16:34
762,test+762@movableink.com,656423857,N,Platinum,2023-03-05 07:37:01
763,test+763@movableink.com,345224145,Y,Silver,2023-04-30 17:37:52
764,test+764@movableink.com,656879182,Y,None,2023-03-31 08:57:06
765,test+765@movableink.com,865979233,Y,None,2023-03-29 03:00:02
766,test+766@movableink.com,650019835,Y,Gold,2023-05-07 11:45:46
767,test+767@movableink.com,838911358,N,Silver,2023-05-20 09:29:23
768,test+768@movableink.com,655624098,N,None,2023-01-25 10:35:57
769,test+769@movableink.com,832425887,Y,Platinum,2023-06-13 19:22:08
770,test+770@movableink.com,390963203,N,Platinum,2023-01-17 23:58:50
771,test+771@movableink.com,894115477,N,None,2023-06-21 21:19:01
772,test+772@movableink.com,626799188,Y,Silver,2023-01-02 02:36:15
773,test+773@movableink.com,649748682,N,Platinum,2023-03-28 19:32:06
774,test+774@movableink.com,649714213,Y,Platinum,2023-06-11 06:34:00
775,test+775@movableink.com,996083649,N,Diamond,2023-02-02 16:13:17
776,test+776@movableink.com,931849676,Y,None,2023-02-03 15:20:18
777,test+777@movableink.com,354686346,Y,None,2023-06-16 21:10:15
778,test+778@movableink.com,629754187,Y,Diamond,2023-06-14 11:11:03
779,test+779@movableink.com,344773676,Y,Platinum,2023-06-03 18:57:33
780,test+780@movableink.com,226724920,N,Silver,2023-01-07 08:39:09
781,test+781@movableink.com,498640294,N,Silver,2023-04-03 15:39:50
782,test+782@movableink.com,604886309,N,None,2023-06-27 22:59:27
783,test+783@movableink.com,560546706,Y,Platinum,2023-05-25 04:51:57
784,test+784@movableink.com,619967207,Y,Silver,2023-06-30 13:24:33
785,test+785@movableink.com,821910619,N,None,2023-06-09 17:34:45
786,test+786@movableink.com,579281854,Y,None,2023-01-14 23:38:07
787,test+787@movableink.com,443699837,Y,None,2023-04-14 07:50:26
788,test+788@movableink.com,544906300,N,Diamond,2023-01-26 00:55:04
789,test+789@movableink.com,944885371,N,Diamond,2023-05-17 16:48:48
790,test+790@movableink.com,205434305,N,None,2023-04-25 06:51:38
791,test+791@movableink.com,218482549,N,Silver,2023-05-11 06:58:14
792,test+792@movableink.com,835219854,N,Silver,2023-03-24 14:43:05
793,test+793@movableink.com,839287380,N,Gold,2023-01-06 21:35:56
794,test+794@movableink.com,354329133,Y,None,2023-04-02 20:50:25
795,test+795@movableink.com,214227885,N,None,2023-06-12 23:08:10
796,test+796@movableink.com,580363976,Y,Gold,2023-02-14 13:19:39
797,test+797@movableink.com,281000920,N,Gold,2023-03-12 05:55:51
798,test+798@movableink.com,996682800,Y,None,2023-01-14 18:07:18
799,test+799@movableink.com,130153182,N,Silver,2023-04-29 08:00:09
800,test+800@movableink.com,490586295,Y,Diamond,2023-01-06 14:51:57
801,test+801@movableink.com,761092982,Y,None,2023-06-03 01:33:39
802,test+802@movableink.com,855781286,Y,Gold,2023-02-20 17:24:11
803,test+803@movableink.com,890379005,Y,Platinum,2023-06-13 10:02:43
804,test+804@movableink.com,673294205,N,Silver,2023-01-22 20:04:48
805,test+805@movableink.com,932563059,Y,None,2023-01-21 16:04:15
806,test+806@movableink.com,527363828,Y,Gold,2023-03-19 20:20:39
807,test+807@movableink.com,205372278,N,Silver,2023-02-13 05:41:38
808,test+808@movableink.com,785004648,Y,Gold,2023-02-18 13:47:23
809,test+809@movableink.com,684797516,N,Gold,2023-06-04 06:52:15
810,test+810@movableink.com,116704756,N,Gold,2023-01-16 09:41:17
811,test+811@movableink.com,824552631,N,Diamond,2023-02-24 18:13:59
812,test+812@movableink.com,742574616,Y,Silver,2023-05-10 23:28:10
813,test+813@movableink.com,714502162,N,Platinum,2023-06-30 06:53:25
814,test+814@movableink.com,381135032,N,None,2023-04-04 10:07:58
815,test+815@movableink.com,689156980,N,Gold,2023-04-27 15:16:04
816,test+816@movableink.com,301698572,N,Platinum,2023-06-22 21:33:39
817,test+817@movableink.com,632129746,Y,Silver,2023-06-30 10:53:50
818,test+818@movableink.com,806873088,Y,Platinum,2023-04-04 13:33:53
819,test+819@movableink.com,388578678,Y,Diamond,2023-03-09 20:35:40
820,test+820@movableink.com,958408090,N,Diamond,2023-02-27 19:21:54
821,test+821@movableink.com,221998782,N,Diamond,2023-02-01 08:18:38
822,test+822@movableink.com,455213538,N,Platinum,2023-06-11 11:47:42
823,test+823@movableink.com,883675092,Y,Silver,2023-05-26 05:31:39
824,test+824@movableink.com,737022087,N,Diamond,2023-06-10 16:53:26
825,test+825@movableink.com,900717968,N,Gold,2023-03-17 22:42:13
826,test+826@movableink.com,535114847,N,Diamond,2023-01-05 12:50:22
827,test+827@movableink.com,434746558,N,Diamond,2023-04-03 06:49:41
828,test+828@movableink.com,941608117,Y,Silver,2023-05-08 14:55:48
829,test+829@movableink.com,735236914,N,Gold,2023-03-16 14:11:30
830,test+830@movableink.com,861228320,Y,Platinum,2023-01-22 11:18:25
831,test+831@movableink.com,595920155,N,Silver,2023-02-08 02:23:33
832,test+832@movableink.com,377472632,N,Diamond,2023-01-12 14:52:40
833,test+833@movableink.com,341449336,Y,Diamond,2023-05-08 07:33:40
834,test+834@movableink.com,532796068,Y,Platinum,2023-05-28 19:01:39
835,test+835@movableink.com,552839322,Y,Diamond,2023-04-29 04:15:23
836,test+836@movableink.com,806884907,N,Platinum,2023-03-07 12:40:51
837,test+837@movableink.com,599602879,N,Silver,2023-02-02 11:49:53
838,test+838@movableink.com,962503677,N,Silver,2023-03-14 11:20:47
839,test+839@movableink.com,282400002,N,Gold,2023-03-26 19:56:21
840,test+840@movableink.com,914387066,Y,Silver,2023-04-09 23:22:49
841,test+841@movableink.com,138400426,Y,Platinum,2023-06-26 14:28:08
842,test+842@movableink.com,480034175,Y,Diamond,2023-04-19 20:46:42
843,test+843@movableink.com,821882560,Y,Silver,2023-06-22 16:06:24
844,test+844@movableink.com,748991299,Y,Silver,2023-05-31 06:29:47
845,test+845@movableink.com,761625933,Y,Silver,2023-01-31 07:28:10
846,test+846@movableink.com,915461011,Y,Gold,2023-04-27 06:47:23
847,test+847@movableink.com,181863584,N,None,2023-01-01 15:05:03
848,test+848@movableink.com,842707105,Y,Diamond,2023-03-15 13:15:10
849,test+849@movableink.com,782509886,N,None,2023-04-25 20:22:51
850,test+850@movableink.com,481472281,N,Diamond,2023-02-22 22:59:50
851,test+851@movableink.com,921255030,Y,None,2023-01-13 08:54:31
852,test+852@movableink.com,171296728,N,None,2023-02-25 07:59:05
853,test+853@movableink.com,372085818,Y,Diamond,2023-02-18 23:11:37
854,test+854@movableink.com,810032909,Y,Diamond,2023-03-19 09:35:20
855,test+855@movableink.com,703588893,Y,Platinum,2023-03-26 03:17:49
856,test+856@movableink.com,910638407,Y,Platinum,2023-04-14 20:02:41
857,test+857@movableink.com,982425400,N,Platinum,2023-03-21 15:46:49
858,test+858@movableink.com,354287054,Y,Silver,2023-02-22 12:40:24
859,test+859@movableink.com,141579499,Y,Platinum,2023-06-30 20:31:41
860,test+860@movableink.com,125025147,N,Gold,2023-04-06 18:28:26
861,test+861@movableink.com,244893725,N,None,2023-05-31 15:14:55
862,test+862@movableink.com,335572785,N,None,2023-06-18 16:00:19
863,test+863@movableink.com,737943357,N,Platinum,2023-03-06 16:01:44
864,test+864@movableink.com,187899868,N,Gold,2023-05-10 15:27:52
865,test+865@movableink.com,601788234,N,None,2023-05-30 08:01:32
866,test+866@movableink.com,227258345,N,Gold,2023-01-16 01:08:38
867,test+867@movableink.com,485754322,N,Gold,2023-06-16 06:13:45
868,test+868@movableink.com,602376531,Y,Platinum,2023-02-24 10:38:54
869,test+869@movableink.com,600622018,Y,Diamond,2023-02-19 09:46:48
870,test+870@movableink.com,472027702,Y,Silver,2023-01-21 19:00:01
871,test+871@movableink.com,311446980,Y,Gold,2023-05-12 16:32:25
872,test+872@movableink.com,558597183,N,Platinum,2023-02-11 10:11:32
873,test+873@movableink.com,262387596,N,Silver,2023-04-11 11:26:29
874,test+874@movableink.com,163824013,N,Silver,2023-05-18 06:35:10
875,test+875@movableink.com,335396734,N,Platinum,2023-04-22 17:04:08
876,test+876@movableink.com,761762549,Y,Diamond,2023-02-26 01:57:55
877,test+877@movableink.com,448753563,Y,Gold,2023-07-01 20:40:40
878,test+878@movableink.com,860467936,Y,Platinum,2023-01-13 00:48:25
879,test+879@movableink.com,504776381,Y,Diamond,2023-05-08 23:21:35
880,test+880@movableink.com,727000797,N,Gold,2023-06-15 18:03:56
881,test+881@movableink.com,232464824,N,Silver,2023-06-19 15:03:45
882,test+882@movableink.com,940098201,N,Gold,2023-01-03 16:20:46
883,test+883@movableink.com,205812116,Y,None,2023-01-03 07:03:30
884,test+884@movableink.com,496431412,N,None,2023-02-17 19:05:16
885,test+885@movableink.com,774242094,N,None,2023-02-26 14:30:42
886,test+886@movableink.com,654318391,Y,None,2023-01-20 02:51:01
887,test+887@movableink.com,221698706,N,Diamond,2023-02-09 22:09:22
888,test+888@movableink.com,720446532,N,Silver,2023-01-16 14:00:35
889,test+889@movableink.com,686038828,Y,None,2023-03-15 13:54:01
890,test+890@movableink.com,581796678,Y,Diamond,2023-06-12 19:59:49
891,test+891@movableink.com,486934638,Y,Silver,2023-02-25 16:22:17
892,test+892@movableink.com,954350742,N,Diamond,2023-07-01 05:52:52
893,test+893@movableink.com,244338161,Y,Silver,2023-05-23 00:59:02
894,test+894@movableink.com,830529888,Y,Gold,2023-03-14 13:14:53
895,test+895@movableink.com,374615682,N,None,2023-02-27 15:31:58
896,test+896@movableink.com,114878190,Y,None,2023-03-28 09:35:22
897,test+897@movableink.com,977894479,N,None,2023-02-17 04:20:51
898,test+898@movableink.com,138154358,Y,Gold,2023-06-07 07:47:17
899,test+899@movableink.com,986660748,Y,None,2023-02-08 19:25:04
900,test+900@movableink.com,233954282,N,Platinum,2023-04-22 05:43:03
901,test+901@movableink.com,831147810,Y,None,2023-01-12 21:43:49
902,test+902@movableink.com,362811242,N,Silver,2023-07-03 16:47:57
903,test+903@movableink.com,356525577,Y,None,2023-02-10 07:05:34
904,test+904@movableink.com,706962818,Y,Platinum,2023-03-19 17:03:11
905,test+905@movableink.com,387052475,N,Silver,2023-05-21 12:26:08
906,test+906@movableink.com,106701651,N,Diamond,2023-02-16 13:23:38
907,test+907@movableink.com,432369846,Y,None,2023-07-09 22:47:17
908,test+908@movableink.com,561644858,N,Platinum,2023-06-07 20:55:50
909,test+909@movableink.com,947125307,N,Platinum,2023-01-23 18:03:03
910,test+910@movableink.com,426656034,Y,Platinum,2023-04-14 20:48:42
911,test+911@movableink.com,166223824,Y,Silver,2023-02-23 11:35:31
912,test+912@movableink.com,846146200,Y,None,2023-03-31 06:08:00
913,test+913@movableink.com,150148873,Y,Gold,2023-05-24 14:34:38
914,test+914@movableink.com,847541516,Y,None,2023-01-30 10:47:25
915,test+915@movableink.com,295133644,Y,None,2023-02-02 18:28:55
916,test+916@movableink.com,182099868,Y,Diamond,2023-07-02 06:02:48
917,test+917@movableink.com,209778099,N,Silver,2023-02-16 17:43:00
918,test+918@movableink.com,833969939,Y,Silver,2023-03-30 03:48:25
919,test+919@movableink.com,980252845,Y,Diamond,2023-06-22 02:46:13
920,test+920@movableink.com,160722540,Y,Gold,2023-04-12 06:48:47
921,test+921@movableink.com,786215842,N,Diamond,2023-01-28 11:20:51
922,test+922@movableink.com,618355136,N,Gold,2023-04-15 10:38:43
923,test+923@movableink.com,242270464,Y,Platinum,2023-03-05 22:26:02
924,test+924@movableink.com,637396540,Y,Gold,2023-05-13 23:05:13
925,test+925@movableink.com,830009670,Y,Diamond,2023-05-19 19:31:34
926,test+926@movableink.com,897076302,N,Silver,2023-05-17 10:35:33
927,test+927@movableink.com,515031047,Y,None,2023-06-30 12:00:16
928,test+928@movableink.com,320361002,N,Gold,2023-03-19 11:04:10
929,test+929@movableink.com,493693738,N,None,2023-05-24 02:36:29
930,test+930@movableink.com,726231735,Y,Diamond,2023-07-09 03:26:49
931,test+931@movableink.com,254463453,Y,None,2023-01-16 08:35:15
932,test+932@movableink.com,483686120,N,None,2023-04-20 16:54:42
933,test+933@movableink.com,997392129,N,Diamond,2023-01-24 10:46:54
934,test+934@movableink.com,212273624,Y,Diamond,2023-06-06 12:00:00
935,test+935@movableink.com,936618043,Y,Silver,2023-05-05 17:34:20
936,test+936@movableink.com,115568211,N,Diamond,2023-04-18 11:57:48
937,test+937@movableink.com,431921874,Y,Diamond,2023-03-18 14:57:26
938,test+938@movableink.com,480801037,Y,Silver,2023-03-16 22:13:22
939,test+939@movableink.com,783631157,Y,Gold,2023-04-06 08:30:46
940,test+940@movableink.com,848335141,N,Platinum,2023-01-11 15:26:46
941,test+941@movableink.com,272230147,Y,None,2023-01-09 04:37:30
942,test+942@movableink.com,349407962,Y,None,2023-04-11 03:30:54
943,test+943@movableink.com,976034254,N,Silver,2023-05-20 10:47:05
944,test+944@movableink.com,740826895,N,Diamond,2023-05-28 10:43:51
945,test+945@movableink.com,801756430,Y,None,2023-01-06 21:24:37
946,test+946@movableink.com,646536339,N,Silver,2023-04-20 21:30:12
947,test+947@movableink.com,313478651,Y,None,2023-02-24 21:17:11
948,test+948@movableink.com,902538651,Y,Diamond,2023-03-03 14:09:33
949,test+949@movableink.com,808296828,Y,Platinum,2023-04-30 15:07:41
950,test+950@movableink.com,665332168,Y,Diamond,2023-03-03 16:25:20
951,test+951@movableink.com,615102659,Y,Silver,2023-04-27 22:11:05
952,test+952@movableink.com,712291607,N,Platinum,2023-02-26 04:20:07
953,test+953@movableink.com,730320584,Y,Platinum,2023-01-09 08:42:35
954,test+954@movableink.com,260883361,Y,Silver,2023-01-18 15:40:27
955,test+955@movableink.com,391851145,Y,Platinum,2023-06-17 20:00:13
956,test+956@movableink.com,279788300,N,Diamond,2023-03-19 17:17:41
957,test+957@movableink.com,644398166,N,Diamond,2023-05-21 15:55:34
958,test+958@movableink.com,628096371,Y,None,2023-04-21 15:44:14
959,test+959@movableink.com,751404166,N,None,2023-04-28 00:45:35
960,test+960@movableink.com,401152968,N,None,2023-04-22 13:23:00
961,test+961@movableink.com,114431877,Y,Silver,2023-06-14 22:02:01
962,test+962@movableink.com,137393393,Y,Diamond,2023-01-14 21:37:24
963,test+963@movableink.com,345290845,N,Gold,2023-05-30 19:54:12
964,test+964@movableink.com,632822441,N,Platinum,2023-05-08 15:26:44
965,test+965@movableink.com,783528750,N,Diamond,2023-01-22 17:32:58
966,test+966@movableink.com,644557864,N,Silver,2023-06-18 06:54:00
967,test+967@movableink.com,747492447,Y,None,2023-03-27 07:09:52
968,test+968@movableink.com,492287599,Y,Diamond,2023-03-04 02:05:00
969,test+969@movableink.com,299156568,N,Diamond,2023-07-04 13:54:09
970,test+970@movableink.com,708326207,N,None,2023-04-19 10:37:00
971,test+971@movableink.com,103009775,N,Gold,2023-04-28 04:14:13
972,test+972@movableink.com,266905576,Y,None,2023-04-30 21:33:26
973,test+973@movableink.com,409770087,N,Platinum,2023-05-01 06:24:35
974,test+974@movableink.com,649095588,Y,Silver,2023-04-13 01:32:22
975,test+975@movableink.com,813888997,N,Silver,2023-02-07 02:49:49
976,test+976@movableink.com,953421474,N,Gold,2023-02-23 04:56:30
977,test+977@movableink.com,488488799,N,Platinum,2023-04-24 01:53:36
978,test+978@movableink.com,331478022,Y,Silver,2023-05-28 18:05:39
979,test+979@movableink.com,322430086,N,Platinum,2023-01-02 16:08:28
980,test+980@movableink.com,519322982,Y,Silver,2023-05-29 19:29:48
981,test+981@movableink.com,913171461,N,Silver,2023-03-21 00:30:36
982,test+982@movableink.com,812143784,N,Gold,2023-05-11 07:45:20
983,test+983@movableink.com,867808020,N,None,2023-06-11 06:24:05
984,test+984@movableink.com,261323937,N,Diamond,2023-05-18 20:22:13
985,test+985@movableink.com,982944207,N,Gold,2023-04-06 04:29:23
986,test+986@movableink.com,212132904,N,Diamond,2023-05-05 16:44:41
987,test+987@movableink.com,442634860,N,Diamond,2023-03-15 21:11:58
988,test+988@movableink.com,855151342,Y,Silver,2023-02-20 07:07:14
989,test+989@movableink.com,996750655,N,Silver,2023-02-20 05:10:31
990,test+990@movableink.com,798936842,Y,Diamond,2023-05-18 14:19:48
991,test+991@movableink.com,343382250,Y,Silver,2023-03-18 14:22:29
992,test+992@movableink.com,465563248,N,Gold,2023-01-21 00:01:18
993,test+993@movableink.com,608236496,N,Silver,2023-06-16 07:08:14
994,test+994@movableink.com,260554031,Y,Platinum,2023-02-18 14:10:34
995,test+995@movableink.com,881388238,Y,None,2023-02-02 20:17:06
996,test+996@movableink.com,314135515,N,Silver,2023-02-24 12:54:11
997,test+997@movableink.com,813317250,Y,Silver,2023-01-12 16:47:21
998,test+998@movableink.com,600636402,N,Platinum,2023-05-10 12:24:00
999,test+999@movableink.com,635862134,N,Gold,2023-04-27 15:20:42
